{"cameraMode":{"drawMode":0,"name":"Shaded","section":"Shading Mode"},"sceneLighting":false,"audioPlay":false,"sceneViewState":{"m_AlwaysRefresh":false,"showFog":true,"showSkybox":false,"showFlares":true,"showImageEffects":true,"showParticleSystems":true,"showVisualEffectGraphs":true,"m_FxEnabled":true},"in2DMode":false,"pivot":{"x":28.726261138916017,"y":5.067566871643066,"z":66.01834869384766},"rotation":{"x":0.5289420485496521,"y":-0.010183391161262989,"z":0.006347577553242445,"w":0.8485738635063171},"size":1.8543117046356202,"orthographic":false}